<?xml version="1.0" ?>
<LOG_ROOT>
	<PROJECT NAME="ProcesadorBase">
		<CBX_INST_ENTRY INSTANCE_NAME="|sisa|ProcesadorBase:proc0|datapath:d0|alu:alu0|lpm_mult:Mult0" CBX_FILE_NAME="mult_h1t.tdf"/>
		<CBX_INST_ENTRY INSTANCE_NAME="|sisa|sld_signaltap:auto_signaltap_0|sld_signaltap_impl:sld_signaltap_body|sld_signaltap_implb:sld_signaltap_body|altsyncram:\stp_non_zero_ram_gen:stp_buffer_ram" CBX_FILE_NAME="altsyncram_it14.tdf"/>
		<CBX_INST_ENTRY INSTANCE_NAME="|sisa|ProcesadorBase:proc0|datapath:d0|alu:alu0|lpm_mult:Mult1" CBX_FILE_NAME="mult_l8t.tdf"/>
		<CBX_INST_ENTRY INSTANCE_NAME="|sisa|sld_signaltap:auto_signaltap_0|sld_signaltap_impl:sld_signaltap_body|sld_signaltap_implb:sld_signaltap_body|altdpram:\stp_non_zero_ram_gen:attribute_mem_gen:attribute_mem|lpm_mux:mux" CBX_FILE_NAME="mux_eoc.tdf"/>
		<CBX_INST_ENTRY INSTANCE_NAME="|sisa|sld_signaltap:auto_signaltap_0|sld_signaltap_impl:sld_signaltap_body|sld_signaltap_implb:sld_signaltap_body|sld_ela_control:ela_control|sld_ela_trigger:\multi_level_advanced_trigger_gen:advanced_trigger_wrapper|sld_ela_trigger_jho:auto_generated|sld_reserved_proc_auto_signaltap_0_1_8dde:mgl_prim1|lpm_compare:constant_compare_133" CBX_FILE_NAME="cmpr_6gk.tdf"/>
		<CBX_INST_ENTRY INSTANCE_NAME="|sisa|sld_signaltap:auto_signaltap_0|sld_signaltap_impl:sld_signaltap_body|sld_signaltap_implb:sld_signaltap_body|sld_ela_control:ela_control|sld_ela_trigger:\multi_level_advanced_trigger_gen:advanced_trigger_wrapper|sld_ela_trigger_jho:auto_generated|sld_reserved_proc_auto_signaltap_0_1_8dde:mgl_prim1|lpm_compare:constant_compare_502" CBX_FILE_NAME="cmpr_bgk.tdf"/>
		<CBX_INST_ENTRY INSTANCE_NAME="|sisa|sld_signaltap:auto_signaltap_0|sld_signaltap_impl:sld_signaltap_body|sld_signaltap_implb:sld_signaltap_body|sld_offload_buffer_mgr:\stp_non_zero_depth_offload_gen:stp_offload_buff_mgr_inst|LPM_COUNTER:\adv_point_3_and_more:advance_pointer_counter" CBX_FILE_NAME="cntr_2ei.tdf"/>
		<CBX_INST_ENTRY INSTANCE_NAME="|sisa|sld_signaltap:auto_signaltap_0|sld_signaltap_impl:sld_signaltap_body|sld_signaltap_implb:sld_signaltap_body|sld_ela_control:ela_control|sld_ela_trigger:\multi_level_advanced_trigger_gen:advanced_trigger_wrapper" CBX_FILE_NAME="sld_ela_trigger_jho.tdf"/>
		<CBX_INST_ENTRY INSTANCE_NAME="|sisa|sld_signaltap:auto_signaltap_0|sld_signaltap_impl:sld_signaltap_body|sld_signaltap_implb:sld_signaltap_body|sld_ela_control:ela_control|sld_ela_trigger:\multi_level_advanced_trigger_gen:advanced_trigger_wrapper|sld_ela_trigger_jho:auto_generated|sld_reserved_proc_auto_signaltap_0_1_8dde:mgl_prim1|lpm_compare:constant_compare_196" CBX_FILE_NAME="cmpr_qhk.tdf"/>
		<CBX_INST_ENTRY INSTANCE_NAME="|sisa|sld_signaltap:auto_signaltap_0|sld_signaltap_impl:sld_signaltap_body|sld_signaltap_implb:sld_signaltap_body|sld_ela_control:ela_control|sld_ela_trigger:\multi_level_advanced_trigger_gen:advanced_trigger_wrapper|sld_ela_trigger_jho:auto_generated|sld_reserved_proc_auto_signaltap_0_1_8dde:mgl_prim1|lpm_compare:constant_compare_349" CBX_FILE_NAME="cmpr_qhk.tdf"/>
		<CBX_INST_ENTRY INSTANCE_NAME="|sisa|sld_signaltap:auto_signaltap_0|sld_signaltap_impl:sld_signaltap_body|sld_signaltap_implb:sld_signaltap_body|sld_ela_control:ela_control|sld_ela_trigger:\multi_level_advanced_trigger_gen:advanced_trigger_wrapper|sld_ela_trigger_jho:auto_generated|sld_reserved_proc_auto_signaltap_0_1_8dde:mgl_prim1|lpm_compare:constant_compare_247" CBX_FILE_NAME="cmpr_qhk.tdf"/>
		<CBX_INST_ENTRY INSTANCE_NAME="|sisa|sld_signaltap:auto_signaltap_0|sld_signaltap_impl:sld_signaltap_body|sld_signaltap_implb:sld_signaltap_body|sld_offload_buffer_mgr:\stp_non_zero_depth_offload_gen:stp_offload_buff_mgr_inst|LPM_COUNTER:read_pointer_counter" CBX_FILE_NAME="cntr_v1j.tdf"/>
		<CBX_INST_ENTRY INSTANCE_NAME="|sisa|ProcesadorBase:proc0|datapath:d0|alu:alu0|lpm_divide:Div0" CBX_FILE_NAME="lpm_divide_rto.tdf"/>
		<CBX_INST_ENTRY INSTANCE_NAME="|sisa|sld_signaltap:auto_signaltap_0|sld_signaltap_impl:sld_signaltap_body|sld_signaltap_implb:sld_signaltap_body|sld_ela_control:ela_control|sld_ela_trigger:\multi_level_advanced_trigger_gen:advanced_trigger_wrapper|sld_ela_trigger_jho:auto_generated|sld_reserved_proc_auto_signaltap_0_1_8dde:mgl_prim1|lpm_compare:constant_compare_145" CBX_FILE_NAME="cmpr_qhk.tdf"/>
		<CBX_INST_ENTRY INSTANCE_NAME="|sisa|sld_signaltap:auto_signaltap_0|sld_signaltap_impl:sld_signaltap_body|sld_signaltap_implb:sld_signaltap_body|sld_ela_control:ela_control|sld_ela_trigger:\multi_level_advanced_trigger_gen:advanced_trigger_wrapper|sld_ela_trigger_jho:auto_generated|sld_reserved_proc_auto_signaltap_0_1_8dde:mgl_prim1|lpm_compare:constant_compare_451" CBX_FILE_NAME="cmpr_qhk.tdf"/>
		<CBX_INST_ENTRY INSTANCE_NAME="|sisa|sld_signaltap:auto_signaltap_0|sld_signaltap_impl:sld_signaltap_body|sld_signaltap_implb:sld_signaltap_body|sld_ela_control:ela_control|sld_ela_trigger:\multi_level_advanced_trigger_gen:advanced_trigger_wrapper|sld_ela_trigger_jho:auto_generated|sld_reserved_proc_auto_signaltap_0_1_8dde:mgl_prim1|lpm_compare:constant_compare_73" CBX_FILE_NAME="cmpr_5gk.tdf"/>
		<CBX_INST_ENTRY INSTANCE_NAME="|sisa|sld_signaltap:auto_signaltap_0|sld_signaltap_impl:sld_signaltap_body|sld_signaltap_implb:sld_signaltap_body|sld_ela_control:ela_control|sld_ela_trigger:\multi_level_advanced_trigger_gen:advanced_trigger_wrapper|sld_ela_trigger_jho:auto_generated|sld_reserved_proc_auto_signaltap_0_1_8dde:mgl_prim1|lpm_compare:constant_compare_82" CBX_FILE_NAME="cmpr_qhk.tdf"/>
		<CBX_INST_ENTRY INSTANCE_NAME="|sisa|sld_signaltap:auto_signaltap_0|sld_signaltap_impl:sld_signaltap_body|sld_signaltap_implb:sld_signaltap_body|sld_offload_buffer_mgr:\stp_non_zero_depth_offload_gen:stp_offload_buff_mgr_inst|LPM_COUNTER:status_advance_pointer_counter" CBX_FILE_NAME="cntr_1ci.tdf"/>
		<CBX_INST_ENTRY INSTANCE_NAME="|sisa|vga_controller:video_controller|vga_ram_dual:U_MonitorRam|altsyncram:mem0_rtl_0" CBX_FILE_NAME="altsyncram_qug1.tdf"/>
		<CBX_INST_ENTRY INSTANCE_NAME="|sisa|ProcesadorBase:proc0|datapath:d0|alu:alu0|lpm_divide:Div1" CBX_FILE_NAME="lpm_divide_3gm.tdf"/>
		<CBX_INST_ENTRY INSTANCE_NAME="|sisa|sld_signaltap:auto_signaltap_0|sld_signaltap_impl:sld_signaltap_body|sld_signaltap_implb:sld_signaltap_body|sld_ela_control:ela_control|sld_ela_trigger:\multi_level_advanced_trigger_gen:advanced_trigger_wrapper|sld_ela_trigger_jho:auto_generated|sld_reserved_proc_auto_signaltap_0_1_8dde:mgl_prim1|lpm_compare:constant_compare_298" CBX_FILE_NAME="cmpr_qhk.tdf"/>
		<CBX_INST_ENTRY INSTANCE_NAME="|sisa|vga_controller:video_controller|vga_ram_dual:U_MonitorRam|altsyncram:mem1_rtl_0" CBX_FILE_NAME="altsyncram_qug1.tdf"/>
		<CBX_INST_ENTRY INSTANCE_NAME="|sisa|sld_signaltap:auto_signaltap_0|sld_signaltap_impl:sld_signaltap_body|sld_signaltap_implb:sld_signaltap_body|altdpram:\stp_non_zero_ram_gen:attribute_mem_gen:attribute_mem|lpm_decode:wdecoder" CBX_FILE_NAME="decode_rqf.tdf"/>
		<CBX_INST_ENTRY INSTANCE_NAME="|sisa|sld_signaltap:auto_signaltap_0|sld_signaltap_impl:sld_signaltap_body|sld_signaltap_implb:sld_signaltap_body|sld_ela_control:ela_control|sld_ela_trigger:\multi_level_advanced_trigger_gen:advanced_trigger_wrapper|sld_ela_trigger_jho:auto_generated|sld_reserved_proc_auto_signaltap_0_1_8dde:mgl_prim1|lpm_compare:constant_compare_400" CBX_FILE_NAME="cmpr_qhk.tdf"/>
		<CBX_INST_ENTRY INSTANCE_NAME="|sisa|sld_signaltap:auto_signaltap_0|sld_signaltap_impl:sld_signaltap_body|sld_signaltap_implb:sld_signaltap_body|sld_offload_buffer_mgr:\stp_non_zero_depth_offload_gen:stp_offload_buff_mgr_inst|LPM_COUNTER:status_read_pointer_counter" CBX_FILE_NAME="cntr_gui.tdf"/>
	</PROJECT>
</LOG_ROOT>
