
<!--
This XML file (created on Thu Oct 26 09:22:18 2006) contains limited information
from the compilation of logic designs using Quartus II software (BUT NOT THE
LOGIC DESIGN FILES) that will be transmitted to Altera Corporation through
operation of the "TalkBack" feature.  To enable/disable this feature, run
qtb_install.exe located in your quartus/bin folder.  For more information, go
to license.txt.
-->
<talkback>
<ver>6.0</ver>
<schema>quartus_version_6.0_build_178.xsd</schema>
<license>
	<host_id>0013d4f48097</host_id>
	<nic_id>0013d4f48097</nic_id>
	<cdrive_id>6c2915c8</cdrive_id>
</license>
<tool>
	<name>Quartus II</name>
	<version>6.0</version>
	<build>Build 178</build>
	<binary_type>32</binary_type>
	<module>quartus</module>
	<edition>Full Version</edition>
	<eval>Licensed</eval>
	<compilation_end_time>Thu Oct 26 09:22:19 2006</compilation_end_time>
</tool>
<machine>
	<os>Windows XP</os>
	<cpu>
		<proc_count>2</proc_count>
		<cpu_freq units="MHz">2992</cpu_freq>
	</cpu>
	<ram units="MB">1016</ram>
</machine>
<project>//file2/R1/DE1/cd/v0.3/DE1_demonstrations/DE1_i2sound/DE1_i2sound</project>
<revision>DE1_i2sound</revision>
<gui_actions>
	<action time="Thu Oct 26 09:21:34 2006" type="project_open">//file2/R1/DE1/cd/v0.3/DE1_demonstrations/DE1_i2sound/DE1_i2sound</action>
	<action time="Thu Oct 26 09:21:35 2006" type="editor_open" clsid="AFC_CLSID_TED_VERILOG_DOC">//file2/R1/DE1/cd/v0.3/DE1_demonstrations/DE1_i2sound/DE1_i2sound.v</action>
	<action time="Thu Oct 26 09:21:36 2006" type="editor_open" clsid="AFC_CLSID_TED_VERILOG_DOC">//file2/R1/DE1/cd/v0.3/DE1_demonstrations/DE1_i2sound/PLL.v</action>
	<action time="Thu Oct 26 09:21:36 2006" type="editor_open" clsid="AFC_CLSID_TED_VERILOG_DOC">//file2/R1/DE1/cd/v0.3/DE1_demonstrations/DE1_i2sound/I2C_AV_Config.v</action>
	<action time="Thu Oct 26 09:22:18 2006" type="editor_close" clsid="AFC_CLSID_TED_VERILOG_DOC">//file2/R1/DE1/cd/v0.3/DE1_demonstrations/DE1_i2sound/DE1_i2sound.v</action>
	<action time="Thu Oct 26 09:22:18 2006" type="editor_close" clsid="AFC_CLSID_TED_VERILOG_DOC">//file2/R1/DE1/cd/v0.3/DE1_demonstrations/DE1_i2sound/PLL.v</action>
	<action time="Thu Oct 26 09:22:18 2006" type="editor_close" clsid="AFC_CLSID_TED_VERILOG_DOC">//file2/R1/DE1/cd/v0.3/DE1_demonstrations/DE1_i2sound/I2C_AV_Config.v</action>
	<action time="Thu Oct 26 09:22:18 2006" type="project_close">//file2/R1/DE1/cd/v0.3/DE1_demonstrations/DE1_i2sound/DE1_i2sound</action>
</gui_actions>
<gui_summary>
	<editor_count clsid="AFC_CLSID_ACV_DEFAULT_DOC">0</editor_count>
	<editor_count clsid="AFC_CLSID_ACV_FLED_DEFAULT_DOC">0</editor_count>
	<editor_count clsid="AFC_CLSID_APE_DEFAULT_DOC">0</editor_count>
	<editor_count clsid="AFC_CLSID_ASE_DEFAULT_DOC">0</editor_count>
	<editor_count clsid="AFC_CLSID_ATC_DEFAULT_DOC">0</editor_count>
	<editor_count clsid="AFC_CLSID_CFW_DEFAULT_DOC">0</editor_count>
	<editor_count clsid="AFC_CLSID_ECUI_DEFAULT_DOC">0</editor_count>
	<editor_count clsid="AFC_CLSID_FLP_DEFAULT_DOC">0</editor_count>
	<editor_count clsid="AFC_CLSID_GED_BDF_DOC">0</editor_count>
	<editor_count clsid="AFC_CLSID_GED_BSF_DOC">0</editor_count>
	<editor_count clsid="AFC_CLSID_GED_GDF_DOC">0</editor_count>
	<editor_count clsid="AFC_CLSID_GED_SYM_DOC">0</editor_count>
	<editor_count clsid="AFC_CLSID_MED_HEX_DOC">0</editor_count>
	<editor_count clsid="AFC_CLSID_MED_MIF_DOC">0</editor_count>
	<editor_count clsid="AFC_CLSID_MSW_DOC">0</editor_count>
	<editor_count clsid="AFC_CLSID_OAW_DEFAULT_DOC">0</editor_count>
	<editor_count clsid="AFC_CLSID_PGMW_CDF_DOC">0</editor_count>
	<editor_count clsid="AFC_CLSID_PGMW_COF_DOC">0</editor_count>
	<editor_count clsid="AFC_CLSID_PGMW_FCF_DOC">0</editor_count>
	<editor_count clsid="AFC_CLSID_PGMW_JAM_DOC">0</editor_count>
	<editor_count clsid="AFC_CLSID_PGMW_JCF_DOC">0</editor_count>
	<editor_count clsid="AFC_CLSID_PGMW_PFL_DOC">0</editor_count>
	<editor_count clsid="AFC_CLSID_PGMW_POF_DOC">0</editor_count>
	<editor_count clsid="AFC_CLSID_PGMW_SOF_DOC">0</editor_count>
	<editor_count clsid="AFC_CLSID_PJM_ARCHIVE">0</editor_count>
	<editor_count clsid="AFC_CLSID_PJM_CSF">0</editor_count>
	<editor_count clsid="AFC_CLSID_PJM_FSF">0</editor_count>
	<editor_count clsid="AFC_CLSID_PJM_PROJECT">0</editor_count>
	<editor_count clsid="AFC_CLSID_PJM_QPF">0</editor_count>
	<editor_count clsid="AFC_CLSID_PJM_SSF">0</editor_count>
	<editor_count clsid="AFC_CLSID_PJN_DEFAULT_DOC">0</editor_count>
	<editor_count clsid="AFC_CLSID_PPL_DEFAULT_DOC">0</editor_count>
	<editor_count clsid="AFC_CLSID_PTW_DEFAULT_DOC">0</editor_count>
	<editor_count clsid="AFC_CLSID_QIS_DEFAULT_DOC">0</editor_count>
	<editor_count clsid="AFC_CLSID_RED_DEFAULT_DOC">0</editor_count>
	<editor_count clsid="AFC_CLSID_REQC_DEFAULT_DOC">0</editor_count>
	<editor_count clsid="AFC_CLSID_RPW_CHART_TYPE">0</editor_count>
	<editor_count clsid="AFC_CLSID_RPW_CMP_SUMMARY_TYPE">0</editor_count>
	<editor_count clsid="AFC_CLSID_RPW_DEFAULT_DOC">0</editor_count>
	<editor_count clsid="AFC_CLSID_RPW_GAUGES_TYPE">0</editor_count>
	<editor_count clsid="AFC_CLSID_RPW_HTML_DOC">0</editor_count>
	<editor_count clsid="AFC_CLSID_RPW_HTML_TYPE">0</editor_count>
	<editor_count clsid="AFC_CLSID_RPW_TABLE_TYPE">0</editor_count>
	<editor_count clsid="AFC_CLSID_RPW_TEXT_TYPE">0</editor_count>
	<editor_count clsid="AFC_CLSID_RPW_TXT_DOC">0</editor_count>
	<editor_count clsid="AFC_CLSID_RSM_DEFAULT_DOC">0</editor_count>
	<editor_count clsid="AFC_CLSID_RUI_DEFAULT_DOC">0</editor_count>
	<editor_count clsid="AFC_CLSID_RUI_SIM_VIEWER_FAST_TIMING_DOC">0</editor_count>
	<editor_count clsid="AFC_CLSID_RUI_SIM_VIEWER_FUNCTIONAL_DOC">0</editor_count>
	<editor_count clsid="AFC_CLSID_RUI_SIM_VIEWER_TIMING_DOC">0</editor_count>
	<editor_count clsid="AFC_CLSID_RUI_TECH_VIEWER_DOC">0</editor_count>
	<editor_count clsid="AFC_CLSID_SED_DEFAULT_DOC">0</editor_count>
	<editor_count clsid="AFC_CLSID_SFW_DEFAULT_DOC">0</editor_count>
	<editor_count clsid="AFC_CLSID_SOPCW_DEFAULT_DOC">0</editor_count>
	<editor_count clsid="AFC_CLSID_TED_DEFAULT_DOC">0</editor_count>
	<editor_count clsid="AFC_CLSID_TED_EDF_DOC">0</editor_count>
	<editor_count clsid="AFC_CLSID_TED_PTF_DOC">0</editor_count>
	<editor_count clsid="AFC_CLSID_TED_TCL_DOC">0</editor_count>
	<editor_count clsid="AFC_CLSID_TED_TDF_DOC">0</editor_count>
	<editor_count clsid="AFC_CLSID_TED_TDF_INC_DOC">0</editor_count>
	<editor_count clsid="AFC_CLSID_TED_VERILOG_DOC">3</editor_count>
	<editor_count clsid="AFC_CLSID_TED_VHD_DOC">0</editor_count>
	<editor_count clsid="AFC_CLSID_TFW_ADVANCED_DOC">0</editor_count>
	<editor_count clsid="AFC_CLSID_TFW_DEFAULT_DOC">0</editor_count>
	<editor_count clsid="AFC_CLSID_WED_RDX_DOC">0</editor_count>
	<editor_count clsid="AFC_CLSID_WED_SCF_DOC">0</editor_count>
	<editor_count clsid="AFC_CLSID_WED_TBL_DOC">0</editor_count>
	<editor_count clsid="AFC_CLSID_WED_VCD_DOC">0</editor_count>
	<editor_count clsid="AFC_CLSID_WED_VCF_DOC">0</editor_count>
	<editor_count clsid="AFC_CLSID_WED_VEC_DOC">0</editor_count>
	<editor_count clsid="AFC_CLSID_WED_ZVCF_DOC">0</editor_count>
</gui_summary>
</talkback>
